Code,Country,Severities,Trigger Dates,Score,Long Sev,Long Trig
IN,"74    India
Name: Country, dtype: object","[0.0, 1.0, 0.3, 0.7, 0.75, 0.8, 0.85, 0.8, 0.85, 0.9, 0.85, 0.9, 0.8]","[1, 15, 88, 112, 129, 170, 194, 208, 233, 298, 322, 356, 394]",0.02989991532207874,"[0.0, 1.0, 1.0, 1.0, 1.0, 0.3, 0.7, 0.75, 0.75, 0.8, 0.85, 0.8, 0.85, 0.85, 0.85, 0.85, 0.9, 0.85, 0.85, 0.9, 0.9, 0.8]","[1, 15, 29, 43, 70, 88, 112, 129, 150, 170, 194, 208, 233, 247, 261, 275, 298, 322, 336, 356, 370, 394]"
ID,"75    Indonesia
Name: Country, dtype: object","[0.0, 1.0, 0.7, 0.55, 0.85, 0.8, 0.85, 0.8, 0.85, 0.9, 0.8, 0.85, 0.8]","[1, 15, 70, 86, 110, 158, 175, 194, 209, 308, 329, 362, 378]",0.027588976684794698,"[0.0, 1.0, 1.0, 1.0, 0.7, 0.55, 0.85, 0.85, 0.8, 0.85, 0.8, 0.85, 0.85, 0.85, 0.85, 0.85, 0.85, 0.9, 0.8, 0.8, 0.85, 0.8]","[1, 15, 29, 43, 70, 86, 110, 135, 158, 175, 194, 209, 223, 237, 255, 273, 287, 308, 329, 343, 362, 378]"
IR,"76    Iran
Name: Country, dtype: object","[0.0, 1.0, 0.0, 0.75, 0.9, 0.8, 0.85, 0.9, 0.8, 0.75, 0.8, 0.85, 0.9, 0.85]","[1, 15, 56, 83, 104, 158, 216, 237, 260, 303, 317, 335, 353, 389]",0.015444281761444089,"[0.0, 1.0, 1.0, 0.0, 0.75, 0.9, 0.9, 0.8, 0.8, 0.8, 0.85, 0.9, 0.8, 0.8, 0.8, 0.75, 0.8, 0.85, 0.9, 0.9, 0.85]","[1, 15, 42, 56, 83, 104, 131, 158, 185, 199, 216, 237, 260, 274, 288, 303, 317, 335, 353, 367, 389]"
IQ,"77    Iraq
Name: Country, dtype: object","[0.0, 1.0, 0.65, 0.95, 0.85, 0.55, 0.6, 0.85, 0.9, 0.8, 0.85, 0.9]","[1, 15, 78, 103, 129, 149, 166, 190, 221, 236, 252, 339]",0.026278225374404267,"[0.0, 1.0, 1.0, 1.0, 0.65, 0.95, 0.85, 0.55, 0.6, 0.85, 0.85, 0.9, 0.8, 0.85, 0.85, 0.85, 0.85, 0.85, 0.9, 0.9, 0.9, 0.9]","[1, 15, 29, 56, 78, 103, 129, 149, 166, 190, 204, 221, 236, 252, 270, 284, 298, 312, 339, 353, 367, 381]"
IE,"78    Ireland
Name: Country, dtype: object","[0.0, 1.0, 0.35, 0.85, 0.95, 1.0, 0.95, 1.0, 0.95, 0.85, 0.9, 0.85, 0.65, 0.6]","[1, 15, 90, 115, 138, 165, 179, 206, 268, 295, 322, 349, 376, 390]",0.04986439772635804,"[0.0, 1.0, 1.0, 1.0, 1.0, 0.35, 0.85, 0.95, 1.0, 0.95, 1.0, 1.0, 1.0, 0.95, 0.85, 0.9, 0.85, 0.65, 0.6]","[1, 15, 29, 43, 70, 90, 115, 138, 165, 179, 206, 223, 241, 268, 295, 322, 349, 376, 390]"
IL,"79    Israel
Name: Country, dtype: object","[0.0, 1.0, 0.85, 0.7, 0.95, 1.0, 0.85, 0.75, 0.85, 0.8, 0.85, 0.95, 0.9, 0.75, 0.65]","[1, 15, 84, 101, 123, 150, 176, 203, 222, 267, 288, 310, 333, 358, 385]",0.03179941618308417,"[0.0, 1.0, 1.0, 1.0, 1.0, 0.85, 0.7, 0.95, 1.0, 0.85, 0.75, 0.85, 0.85, 0.8, 0.85, 0.95, 0.9, 0.75, 0.65]","[1, 15, 29, 43, 57, 84, 101, 123, 150, 176, 203, 222, 248, 267, 288, 310, 333, 358, 385]"
IT,"80    Italy
Name: Country, dtype: object","[0.0, 1.0, 0.0, 0.6, 0.9, 0.95, 0.9, 0.95, 0.9, 0.85, 0.9, 0.75, 0.55, 0.65, 0.8, 0.85, 0.7]","[1, 15, 56, 83, 105, 132, 146, 165, 192, 219, 237, 263, 290, 317, 341, 374, 388]",0.03588056227446267,"[0.0, 1.0, 1.0, 0.0, 0.6, 0.9, 0.95, 0.9, 0.95, 0.9, 0.85, 0.9, 0.75, 0.55, 0.65, 0.8, 0.8, 0.85, 0.7]","[1, 15, 42, 56, 83, 105, 132, 146, 165, 192, 219, 237, 263, 290, 317, 341, 355, 374, 388]"
JM,"81    Jamaica
Name: Country, dtype: object","[0.0, 1.0, 0.25, 0.75, 0.9, 1.0, 0.85, 1.0, 0.45, 0.65, 0.85, 0.9, 0.85, 0.9, 0.8]","[1, 15, 71, 95, 118, 141, 160, 176, 205, 224, 278, 305, 346, 360, 378]",0.02889762084964084,"[0.0, 1.0, 1.0, 1.0, 1.0, 0.25, 0.75, 0.9, 1.0, 0.85, 1.0, 1.0, 0.45, 0.65, 0.65, 0.65, 0.85, 0.9, 0.9, 0.85, 0.9, 0.8]","[1, 15, 29, 43, 57, 71, 95, 118, 141, 160, 176, 190, 205, 224, 238, 252, 278, 305, 319, 346, 360, 378]"
JP,"82    Japan
Name: Country, dtype: object","[0.0, 1.0, 0.85, 0.7, 0.9, 1.0, 0.95, 1.0, 0.8, 0.9, 0.95, 0.9, 0.8, 0.85, 0.75]","[1, 15, 83, 104, 128, 154, 175, 189, 224, 248, 270, 305, 332, 373, 387]",0.034987305865060554,"[0.0, 1.0, 1.0, 1.0, 0.85, 0.7, 0.9, 1.0, 0.95, 1.0, 1.0, 0.8, 0.9, 0.95, 0.95, 0.9, 0.8, 0.8, 0.85, 0.75]","[1, 15, 29, 56, 83, 104, 128, 154, 175, 189, 203, 224, 248, 270, 284, 305, 332, 346, 373, 387]"
JO,"83    Jordan
Name: Country, dtype: object","[0.0, 1.0, 0.5, 0.75, 0.8, 0.9, 0.85]","[1, 15, 276, 303, 330, 352, 378]",0.10004249424845624,"[0.0, 1.0, 1.0, 1.0, 1.0, 1.0, 1.0, 1.0, 1.0, 1.0, 1.0, 1.0, 1.0, 1.0, 1.0, 0.5, 0.75, 0.8, 0.9, 0.85]","[1, 15, 29, 43, 57, 71, 98, 125, 152, 166, 180, 194, 208, 222, 249, 276, 303, 330, 352, 378]"
KZ,"84    Kazakhstan
Name: Country, dtype: object","[0.0, 1.0, 0.95, 0.9, 0.7, 0.75, 0.9, 0.95, 0.9, 0.85, 0.9]","[1, 15, 125, 152, 174, 197, 233, 249, 276, 317, 389]",0.043662364782073644,"[0.0, 1.0, 1.0, 1.0, 1.0, 1.0, 1.0, 0.95, 0.9, 0.7, 0.75, 0.75, 0.9, 0.95, 0.9, 0.9, 0.85, 0.85, 0.85, 0.85, 0.9]","[1, 15, 29, 43, 57, 71, 98, 125, 152, 174, 197, 211, 233, 249, 276, 293, 317, 339, 357, 371, 389]"
KE,"85    Kenya
Name: Country, dtype: object","[0.0, 1.0, 0.7, 0.9, 0.85, 0.8, 0.9, 0.95, 0.85, 0.8, 0.9, 0.95, 0.9]","[1, 15, 125, 143, 161, 200, 233, 253, 267, 290, 332, 356, 383]",0.028527068295374783,"[0.0, 1.0, 1.0, 1.0, 1.0, 1.0, 1.0, 0.7, 0.9, 0.85, 0.85, 0.8, 0.8, 0.9, 0.95, 0.85, 0.8, 0.8, 0.9, 0.95, 0.9]","[1, 15, 29, 43, 57, 71, 98, 125, 143, 161, 186, 200, 214, 233, 253, 267, 290, 306, 332, 356, 383]"
KR,"86    Korea, South
Name: Country, dtype: object","[0.0, 1.0, 0.7, 0.9, 1.0, 0.9, 0.95, 1.0, 0.95, 0.8, 0.85, 0.9]","[1, 15, 66, 89, 116, 253, 267, 289, 316, 343, 370, 388]",0.08309387489959198,"[0.0, 1.0, 1.0, 0.7, 0.9, 1.0, 1.0, 1.0, 1.0, 1.0, 1.0, 1.0, 1.0, 0.9, 0.95, 1.0, 0.95, 0.8, 0.85, 0.9]","[1, 15, 42, 66, 89, 116, 143, 157, 171, 185, 199, 213, 227, 253, 267, 289, 316, 343, 370, 388]"
KW,"87    Kuwait
Name: Country, dtype: object","[0.0, 1.0, 0.9, 0.6, 0.9, 0.95, 0.9, 0.95, 0.85, 0.95, 1.0]","[1, 15, 112, 134, 155, 179, 198, 247, 267, 319, 377]",0.052549483981039105,"[0.0, 1.0, 1.0, 1.0, 1.0, 1.0, 1.0, 0.9, 0.6, 0.9, 0.95, 0.9, 0.9, 0.95, 0.85, 0.85, 0.95, 0.95, 0.95, 1.0]","[1, 15, 29, 43, 57, 71, 85, 112, 134, 155, 179, 198, 225, 247, 267, 292, 319, 336, 350, 377]"
KG,"88    Kyrgyzstan
Name: Country, dtype: object","[0.0, 1.0, 0.9, 0.3, 0.85, 1.0, 0.85, 0.9, 0.95, 0.9]","[1, 15, 166, 187, 210, 224, 280, 321, 373, 387]",0.3841178488670586,"[0.0, 1.0, 1.0, 1.0, 1.0, 1.0, 1.0, 1.0, 1.0, 0.9, 0.3, 0.85, 1.0, 1.0, 1.0, 1.0, 0.85, 0.85, 0.9, 0.9, 0.95, 0.9]","[1, 15, 29, 43, 57, 71, 85, 112, 139, 166, 187, 210, 224, 238, 252, 266, 280, 294, 321, 348, 373, 387]"
LA,"89    Laos
Name: Country, dtype: object",[0.0],[1],0.0,"[0.0, 0.0, 0.0, 0.0, 0.0, 0.0, 0.0, 0.0, 0.0, 0.0, 0.0, 0.0, 0.0, 0.0, 0.0, 0.0, 0.0, 0.0, 0.0, 0.0, 0.0, 0.0, 0.0, 0.0, 0.0, 0.0, 0.0, 0.0]","[1, 15, 29, 43, 57, 71, 85, 99, 113, 127, 141, 155, 169, 183, 197, 211, 225, 239, 253, 267, 281, 295, 309, 323, 337, 351, 365, 379]"
LV,"90    Latvia
Name: Country, dtype: object","[0.0, 1.0, 0.9, 0.8, 0.85]","[1, 15, 317, 344, 387]",1.779507736952437,"[0.0, 1.0, 1.0, 1.0, 1.0, 1.0, 1.0, 1.0, 1.0, 1.0, 1.0, 1.0, 1.0, 1.0, 1.0, 1.0, 1.0, 0.9, 0.8, 0.8, 0.85]","[1, 15, 29, 43, 57, 71, 85, 112, 139, 166, 193, 207, 221, 235, 249, 263, 290, 317, 344, 369, 387]"
LB,"91    Lebanon
Name: Country, dtype: object","[0.0, 1.0, 0.85, 0.8, 0.85, 0.65]","[1, 15, 219, 327, 341, 380]",0.07001778432585387,"[0.0, 1.0, 1.0, 1.0, 1.0, 1.0, 1.0, 1.0, 1.0, 1.0, 0.85, 0.85, 0.85, 0.85, 0.8, 0.85, 0.85, 0.65]","[1, 15, 29, 43, 57, 84, 111, 138, 165, 192, 219, 246, 273, 300, 327, 341, 355, 380]"
